{"cameraMode":{"drawMode":0,"name":"Shaded","section":"Shading Mode"},"sceneLighting":true,"audioPlay":false,"sceneViewState":{"m_AlwaysRefresh":false,"showFog":true,"showSkybox":true,"showFlares":true,"showImageEffects":true,"showParticleSystems":true,"showVisualEffectGraphs":true,"m_FxEnabled":false},"in2DMode":false,"pivot":{"x":5.00263786315918,"y":1.167834758758545,"z":-8.670419692993164},"rotation":{"x":-0.0026855196338146927,"y":0.9945580959320068,"z":-0.10060153156518936,"w":-0.026559986174106599},"size":2.904757499694824,"orthographic":false}