{"cameraMode":{"drawMode":0,"name":"Shaded","section":"Shading Mode"},"sceneLighting":true,"audioPlay":false,"sceneViewState":{"m_AlwaysRefresh":false,"showFog":true,"showSkybox":true,"showFlares":true,"showImageEffects":true,"showParticleSystems":true,"showVisualEffectGraphs":true,"m_FxEnabled":false},"in2DMode":false,"pivot":{"x":4.06464147567749,"y":2.3929038047790529,"z":-12.968753814697266},"rotation":{"x":-0.1511981040239334,"y":0.01838277466595173,"z":-0.0028100311756134035,"w":-0.9883105754852295},"size":2.7359111309051515,"orthographic":false}